{"cameraMode":{"drawMode":0,"name":"Shaded","section":"Shading Mode"},"sceneLighting":true,"audioPlay":false,"sceneViewState":{"m_AlwaysRefresh":false,"showFog":true,"showSkybox":true,"showFlares":true,"showImageEffects":true,"showParticleSystems":true,"showVisualEffectGraphs":true,"m_FxEnabled":true},"in2DMode":false,"pivot":{"x":0.41442108154296877,"y":0.7011463642120361,"z":-0.2732975482940674},"rotation":{"x":-0.07672666758298874,"y":-0.01703812927007675,"z":0.0013093793531879783,"w":-0.996944785118103},"size":0.32718807458877566,"orthographic":false}